{"cameraMode":{"drawMode":0,"name":"Shaded","section":"Shading Mode"},"sceneLighting":false,"audioPlay":false,"sceneViewState":{"showFog":true,"showMaterialUpdate":false,"showSkybox":false,"showFlares":true,"showImageEffects":true,"showParticleSystems":true},"in2DMode":false,"pivot":{"x":-0.023956298828125,"y":0.0848236083984375,"z":0.060791015625},"rotation":{"x":-0.012521563097834587,"y":-0.9858232736587524,"z":0.08598382025957108,"w":-0.14355367422103883},"size":0.13653221726417542,"orthographic":true}