{"cameraMode":{"drawMode":0,"name":"Shaded","section":"Shading Mode"},"sceneLighting":false,"audioPlay":false,"sceneViewState":{"showFog":true,"showMaterialUpdate":false,"showSkybox":false,"showFlares":true,"showImageEffects":true,"showParticleSystems":true},"in2DMode":false,"pivot":{"x":0.26123046875,"y":0.167236328125,"z":0.316650390625},"rotation":{"x":0.062260303646326068,"y":-0.9333916902542114,"z":0.19894522428512574,"w":0.2921065390110016},"size":0.29249104857444765,"orthographic":true}